startDate,endDate,HHA11AS001XQ01,HHA12AS001XQ01,HHA13AS001XQ01,HHA14AS001XQ01,HHA31AS001XQ01,HHA32AS001XQ01,HHA33AS001XQ01,HHA34AS001XQ01,HHA71AS001XQ01,HHA72AS001XQ01,HHA73AS001XQ01,HHA74AS001XQ01,HHA81AS001XQ01,HHA82AS001XQ01,HHA83AS001XQ01,HHA84AS001XQ01,HHA51AS001XQ01,HHA52AS001XQ01,HHA53AS001XQ01,HHA54AS001XQ01,HNA00AA001AXQ01,HNA00AA001BXQ01,HNA00AA002AXQ01,HNA00AA002BXQ01,YRHRPRS,YRHRTEMPT,RRHRPRS,RRHRTEMPT,LAF01CG101XQ01,LAF02CG101XQ01,LAF11CG101XQ01,LAF12CG101XQ01,LAF13CG101XQ01,LAF14CG101XQ01,LAF21CG101XQ01,LAF22CG101XQ01,LAF31CG101XQ01,LAF32CG101XQ01,LAF33CG101XQ01,LAF34CG101XQ01,MW,MWD2,MSP,MSPS,THRTEMP,A02P003G,A02P004G,PAB10CT101,PAB10CT102,PAB20CT101,PAB20CT102,NOM,LAE11CG101XQ01,LAE12CG101XQ01,LAE13CG101XQ01,LAE14CG101XQ01,LAE21CG101XQ01,LAE22CG101XQ01,LAE23CG101XQ01,LAE24CG101XQ01,BMOUT,FWFLOW,A09M210SHH,TOTALCOAL,TAF,O2,SELFP1,A017P005
2015-11-09 06:45:00,2015-11-09 07:22:00,85.0,85.0,85.0,85.0,85.0,85.0,85.0,85.0,81.44736842105263,81.44736842105263,81.44736842105263,81.44736842105263,81.44736842105263,81.44736842105263,81.44736842105263,81.44736842105263,85.0,85.0,85.0,85.0,100.0,100.0,70.44736842105263,70.55263157894737,9.635989999999998,583.3124210526315,2.80525,585.7824999999999,0.21367500000000006,0.2747259999999999,0.09157599999999999,0.09318255263157893,0.395218447368421,1.9841299999999988,0.18957631578947376,0.763126,11.0806,0.6956495789473687,0.09157599999999999,3.4493300000000002,968.6028684210527,967.6679999999998,31.06901315789473,30.81755263157895,594.0028157894736,100.00663157894738,7509.13,19.984584210526315,571.5819999999998,19.899205263157885,570.7200000000003,5.0,46.26469736842106,0.443416394736842,3.268583157894737,0.10041131578947368,31.559662815789476,10.597002631578949,10.163226210526318,0.08514881578947367,891.4882894736842,2596.8234210526316,2999.6984210526316,321.63147368421056,3193.2294736842105,3.0655368421052636,0.0,124.15300000000003
2015-11-09 09:23:00,2015-11-09 11:17:00,85.0,85.0,85.0,85.0,85.0,85.0,85.0,85.0,85.0,85.0,85.0,85.0,85.0,85.0,85.0,85.0,85.0,85.0,85.0,85.0,100.0,100.0,65.3913043478261,65.14782608695653,9.635989999999996,577.4565217391304,2.8052500000000005,581.196643478261,0.21367499999999992,0.2741951217391306,0.09157600000000002,0.10166235652173915,0.3968249999999999,1.98413,0.18023021739130432,0.7503851304347825,11.080600000000002,0.7142860000000001,0.09157600000000002,3.4286260869565224,987.0193217391306,996.1208434782607,30.74618782608696,30.908106956521742,574.7308869565217,100.00579130434784,7509.130000000002,19.886597391304353,571.5820000000002,19.803560869565214,570.7200000000001,5.0,0.025747217391304346,0.5937782695652174,0.05680313043478261,0.016722434782608694,0.5698894173913045,2.7326560869565206,0.5751980782608697,0.0,944.5553217391306,2721.1794782608704,2938.7085217391304,320.7067304347826,3463.4523478260867,3.2570230434782608,0.0,120.2137043478261
2015-11-09 19:43:00,2015-11-09 23:07:00,85.0,85.0,85.0,85.0,85.0,85.0,85.0,85.0,85.0,85.0,85.0,85.0,85.0,85.0,85.0,85.0,85.0,85.0,85.0,85.0,100.0,100.0,65.52682926829269,65.52682926829269,10.562390243902438,588.4650780487805,3.0766212195121945,589.9360341463415,0.21367499999999995,0.274130380487805,0.091576,0.091576,0.3959315999999999,1.9388636585365853,0.24226474146341462,0.7020760000000001,11.116308292682923,0.7008847512195123,0.091576,3.390662439024392,968.8612097560974,968.392073170732,30.77429756097561,30.813430243902427,588.1924,100.00569268292683,7509.130000000002,19.92628585365854,571.5820000000001,19.844544878048783,570.7200000000001,5.0,0.0,0.010869981463414636,0.0,0.0,0.6973107414634147,1.929036097560975,0.12820533951219512,0.1360970243902439,886.1193902439024,2601.296975609757,2982.1408292682922,317.0488975609756,3275.8378536585365,2.9338804390243904,0.0,122.44467804878049
2015-11-10 04:10:00,2015-11-10 04:54:00,85.0,85.0,85.0,85.0,85.0,85.0,85.0,85.0,85.0,85.0,85.0,85.0,85.0,85.0,85.0,85.0,85.0,85.0,85.0,85.0,100.0,100.0,76.0,76.0,9.203300000000002,565.9286888888889,2.976190000000001,567.5774888888891,0.21367500000000003,0.27472599999999997,0.091576,0.091576,0.3764753333333333,1.8009799999999994,0.16076500000000005,0.7020760000000001,11.119915555555554,0.6762990444444443,0.091576,3.3882800000000013,924.5886222222223,924.444422222222,29.99784222222223,30.07656222222222,577.7520888888889,100.00602222222221,7509.130000000001,19.943508888888882,571.5819999999998,19.857148888888894,570.7200000000001,5.0,0.0,0.0,0.0,0.0,0.6600186444444444,2.0316133333333326,0.11735224444444443,0.0,889.8920444444447,2541.5779999999995,2954.270666666666,331.6581333333333,3232.5139999999997,3.3888888888888897,0.0,125.02999999999997
2015-11-10 05:25:00,2015-11-10 06:24:00,85.0,85.0,85.0,85.0,85.0,85.0,85.0,85.0,85.0,85.0,85.0,85.0,85.0,85.0,85.0,85.0,85.0,85.0,85.0,85.0,100.0,100.0,80.0,80.0,10.2038,568.0014333333334,2.9761900000000003,572.2390666666666,0.21367500000000003,0.274726,0.091576,0.091576,0.3846152,1.8009799999999994,0.16280000000000008,0.7020759999999999,11.148733333333334,0.6735856666666665,0.091576,3.3882800000000013,982.8851166666667,984.3849333333333,30.788146666666663,30.881239999999995,576.7727,100.00486666666664,7509.13,19.936513333333338,571.582,19.852841666666666,570.7200000000001,5.0,0.0,0.0,0.0,0.0,0.69902345,1.9108700000000003,0.08140093333333333,0.0,942.0974666666667,2710.7889999999998,2951.6653333333334,352.0296,3402.779666666667,3.083867666666667,0.0,125.02999999999997
2015-11-10 06:40:00,2015-11-10 10:59:00,85.0,85.0,85.0,85.0,85.0,85.0,85.0,85.0,85.0,85.0,85.0,85.0,85.0,85.0,85.0,85.0,85.0,85.0,85.0,85.0,100.0,100.0,75.60384615384615,77.40384615384616,10.539005769230767,590.2227038461538,3.0613312692307693,591.268023076923,0.21367499999999998,0.27472599615384624,0.09157600000000002,0.09228041153846155,0.3888416692307692,1.9606492307692307,0.23386900769230773,0.702076,11.167445,0.6851696461538461,0.09157600000000002,3.403777307692309,994.9212076923078,996.5492076923076,30.648675384615384,30.65629346153846,593.9316,100.00587692307691,7509.130000000001,19.745011538461537,571.582,19.659688846153845,570.7200000000001,5.0,32.67023680769231,3.632244641538462,44.5668615,23.631894303846153,33.983287873076925,22.528882115384615,21.175685376923077,44.524162665384615,934.0500384615384,2602.3956153846157,2926.983346153846,350.3194076923077,3340.261115384616,2.794674538461538,0.0,126.87803076923075
2015-11-10 13:34:00,2015-11-10 17:19:00,86.59734513274336,86.59734513274336,86.59734513274336,86.59734513274336,86.59734513274336,86.59734513274336,86.59734513274336,86.59734513274336,86.57964601769912,86.57964601769912,86.57964601769912,86.57964601769912,86.56637168141593,86.56637168141593,86.56637168141593,86.56637168141593,86.59734513274336,86.59734513274336,86.59734513274336,86.59734513274336,99.73451327433628,99.73451327433628,67.41150442477876,67.41150442477876,10.434443362831859,600.4564911504424,3.031096902654867,597.5772079646017,0.21367499999999995,0.2752662654867258,0.09157600000000002,0.09211625663716816,0.3968249999999999,2.0989364159292037,0.3068717964601771,0.7020760000000001,2.827483539823009,0.7047772654867256,0.09157600000000002,3.4398753539823024,998.4623185840707,1003.2258407079645,30.753136283185842,30.67706238938053,600.6833628318584,100.00558849557521,7509.130000000002,19.753301327433626,571.5820000000001,19.66413362831858,570.7200000000003,5.0,21.15384630973451,8.285790376106194,66.65090902654867,18.010850314159292,65.88301668141592,21.413987699115044,24.737974646017697,78.92156628318583,922.8696548672567,2583.037389380531,2950.2153097345135,344.4698982300885,3421.2762831858404,2.905278451327434,0.0,126.34277876106192
2015-11-10 17:21:00,2015-11-10 22:35:00,87.0,87.0,87.0,87.0,87.0,87.0,87.0,87.0,87.0,87.0,87.0,87.0,87.0,87.0,87.0,87.0,87.0,87.0,87.0,87.0,100.0,100.0,65.0,65.0,10.377700000000003,597.2478031746033,3.0143500000000003,592.7273333333333,0.21348119047619046,0.2747260000000001,0.091576,0.09370786984126984,0.39682499999999993,2.1073928571428575,0.29352550476190487,0.702076,0.7096345714285714,0.6929668158730158,0.091576,3.4481671428571437,991.3190634920635,993.9568190476192,30.83985873015873,30.84321206349206,598.8030095238095,99.37104444444445,7461.452984126985,19.684484126984128,571.5820000000001,19.597791111111114,570.7200000000001,5.0,2.5290229523809518,1.6717090476190475,94.36323771428572,14.016803952380954,36.201426593650794,11.195706952380952,30.766615996825394,80.43491577777777,927.1439269841268,2591.247428571429,2934.5970476190478,340.07927936507934,3438.0650793650793,3.211263079365079,0.0,127.83128888888889
2015-11-11 07:37:00,2015-11-11 11:16:00,85.97727272727273,85.97727272727273,85.97727272727273,85.97727272727273,85.97727272727273,85.97727272727273,85.97727272727273,85.97727272727273,85.91363636363636,85.91363636363636,85.91363636363636,85.91363636363636,85.91363636363636,85.91363636363636,85.91363636363636,85.91363636363636,85.93636363636364,85.93636363636364,85.93636363636364,85.93636363636364,100.0,100.0,69.09545454545454,69.09545454545454,9.83059,595.414240909091,2.8617199999999996,596.2457681818182,0.21367499999999992,0.27472600000000014,0.091576,0.091576,0.3968249999999999,2.063495,0.26168325909090917,0.702076,0.7104010000000001,0.6898658181818182,0.091576,3.389667500000001,997.5832090909092,997.7280454545453,30.942611818181813,30.89096409090909,598.6156818181819,100.00562727272728,7509.130000000002,19.322334090909084,571.5820000000002,19.230978636363638,570.7200000000001,5.0,11.780308740909092,1.6527919590909093,64.93011968181818,21.661114218181815,63.087208768181824,20.118218272727272,33.31835248181818,49.75982877272726,934.6651545454546,2592.657,2927.987772727273,337.35157727272724,3386.9809090909093,2.7403985,0.0,124.98584545454545
2015-11-11 11:22:00,2015-11-11 12:01:00,90.0,90.0,90.0,90.0,90.0,90.0,90.0,90.0,90.0,90.0,90.0,90.0,90.0,90.0,90.0,90.0,90.0,90.0,90.0,90.0,100.0,100.0,69.7,69.7,9.830589999999999,592.84135,2.86172,590.498575,0.213675,0.274726,0.091576,0.09310222500000001,0.396825,2.10623,0.27625225000000003,0.702076,0.702076,0.6898658,0.091576,3.3882800000000004,914.6482250000001,915.831475,29.6214925,29.69212,598.489825,100.00635,7509.13,19.22831,571.582,19.144685,570.72,5.0,38.02274225,8.9438255,64.12997499999999,73.5225785,87.509175,23.89499725,17.701474,38.39819525,854.9628749999999,2332.5457499999998,2928.3262499999996,299.55165,3132.93975,3.18028775,0.0,125.61499999999998
2015-11-11 12:33:00,2015-11-11 15:52:00,92.875,92.875,92.875,92.875,92.875,92.875,92.875,92.875,92.8,92.8,92.8,92.8,92.775,92.775,92.775,92.775,92.825,92.825,92.825,92.825,95.125,95.175,80.25,80.25,9.830589999999999,601.62038,2.861719999999999,601.5892150000001,0.213675,0.2750312500000001,0.09157600000000002,0.09218649000000001,0.39682499999999993,2.10623,0.29731450000000004,0.7020760000000001,0.7405375000000001,0.71367548,0.09157600000000002,3.393164000000001,993.29044,998.1399749999999,30.612642500000003,30.594735999999994,600.783185,100.005855,7509.130000000001,19.205525499999997,571.5820000000001,19.114676,570.7200000000001,5.0,28.1594987,1.648049,83.84041099999999,39.216418190000006,51.98413500000001,32.35745369999999,36.6352259,59.29517965,953.18521,2554.9588,2885.31225,335.62099,3446.1918000000005,2.7278202999999994,0.0,128.02386500000003
2015-11-11 15:58:00,2015-11-12 00:22:00,95.0,95.0,95.0,95.0,95.0,95.0,95.0,95.0,95.0,95.0,95.0,95.0,95.0,95.0,95.0,95.0,95.0,95.0,95.0,95.0,85.0,85.0,85.0,85.0,10.2816,595.91740990099,3.00824,594.4400138613861,0.21367499999999995,0.2747260000000001,0.09157600000000003,0.09338933663366339,0.396704110891089,2.1059882178217824,0.27811072277227733,0.702076,0.7491026336633664,0.7121099603960397,0.09157600000000003,3.392390297029704,987.4469663366335,992.4565405940594,30.608924554455445,30.606351881188118,600.4426871287128,100.00597425742573,7509.130000000001,19.160335445544554,571.5820000000001,19.070755247524755,570.7200000000001,5.0,15.83221316039604,1.1540894673267323,51.130362702970295,36.02407021782179,47.7864238019802,18.59155831683168,21.995373445544555,18.19986917346535,933.8591623762376,2588.2915445544554,2925.1808712871284,333.65976831683173,3441.1512871287127,2.5129793267326734,0.0,126.47938613861382
2015-11-12 09:29:00,2015-11-12 11:13:00,92.71428571428571,92.71428571428571,92.71428571428571,92.71428571428571,92.71428571428571,92.71428571428571,92.71428571428571,92.71428571428571,92.11428571428571,92.11428571428571,92.11428571428571,92.11428571428571,92.71428571428571,92.71428571428571,92.71428571428571,92.71428571428571,92.71428571428571,92.71428571428571,92.71428571428571,92.71428571428571,100.0,100.0,92.0,92.0,10.377700000000003,588.8748761904762,2.43132,590.0710952380952,0.21367499999999995,0.27472600000000014,0.09157600000000002,0.10204154285714287,0.3968249999999999,2.0068057142857145,0.2567014190476191,0.7020760000000001,0.7602188571428572,0.718356,0.09157600000000002,3.401652857142858,993.0103619047618,996.0015333333336,31.007623809523803,30.89487904761905,593.5343142857142,100.00574285714285,7509.130000000001,18.79876476190476,571.5820000000001,18.702718095238094,570.7200000000001,5.0,0.3593234857142858,1.0486078,4.508112895238097,2.2655382571428575,2.6638196190476195,12.227745333333331,6.783824952380953,0.3128089523809524,934.6540190476189,2680.5572380952385,2918.546857142857,334.1357714285715,3577.6561904761907,2.7615697142857147,0.0,124.29750476190476
2015-11-12 13:27:00,2015-11-12 17:11:00,94.15555555555555,94.15555555555555,94.15555555555555,94.15555555555555,94.15555555555555,94.15555555555555,94.15555555555555,94.15555555555555,94.15555555555555,94.15555555555555,94.15555555555555,94.15555555555555,94.15555555555555,94.15555555555555,94.15555555555555,94.15555555555555,94.15555555555555,94.15555555555555,94.15555555555555,94.15555555555555,99.73333333333333,99.73333333333333,75.13333333333334,75.13333333333334,10.3709,600.0033644444444,2.43132,600.4788177777777,0.21367499999999995,0.27472600000000014,0.09157600000000002,0.0948319466666667,0.39655367111111106,2.0156046666666665,0.30837132444444454,0.702076,0.7368066666666666,0.7514586355555556,0.09157600000000002,3.4032033333333347,1001.2681777777779,1001.5047777777781,30.977769333333327,30.91984666666667,599.5361333333334,100.00585777777778,7509.130000000002,18.80023822222222,571.5820000000002,18.71196266666667,570.7200000000001,5.0,6.256953733333334,1.5996504711111108,18.584725573333333,17.257225857777783,15.824316044444446,11.967033955555554,14.190613200000001,4.7264961377777786,936.2600177777775,2638.0478222222223,2895.416355555555,338.96784444444444,3559.9957777777777,2.6938602222222223,0.0,125.26370222222222
2015-11-12 17:17:00,2015-11-12 20:16:00,90.0,90.0,90.0,90.0,90.0,90.0,90.0,90.0,90.0,90.0,90.0,90.0,90.0,90.0,90.0,90.0,90.0,90.0,90.0,90.0,100.0,100.0,75.0,75.0,10.3755,600.7154388888889,3.02656,599.4162388888888,0.21367499999999998,0.27472600000000014,0.091576,0.09259348333333332,0.39682499999999993,2.0526416666666663,0.3076251666666668,0.702076,0.7088593333333333,0.7207301555555555,0.091576,3.390993333333334,1000.4524944444444,1000.6566833333335,30.886108888888895,30.907101111111114,599.4542166666666,100.00578333333331,7509.130000000001,18.76751388888889,571.5820000000001,18.677445555555554,570.7200000000001,5.0,1.4129696666666667,1.7518008333333335,0.21638889666666666,1.280017188888889,4.701534166666667,5.100054611111111,5.807216277777777,0.0,938.812938888889,2660.061777777778,2889.4771666666666,336.74809444444446,3537.7393888888887,2.6606120555555557,0.0,128.34099999999998
2015-11-13 06:28:00,2015-11-13 07:32:00,90.0,90.0,90.0,90.0,90.0,90.0,90.0,90.0,90.0,90.0,90.0,90.0,90.0,90.0,90.0,90.0,90.0,90.0,90.0,90.0,100.0,100.0,67.47692307692307,67.47692307692307,9.784800000000002,595.2970153846154,2.5824199999999995,595.4599538461538,0.21367500000000003,0.274726,0.091576,0.10566423076923079,0.3949465692307692,2.0170030769230767,0.22870293846153852,0.702076,0.7020759846153846,0.702076,0.091576,3.394854615384616,946.3694615384616,946.7622461538463,30.70160307692308,30.784563076923078,594.3990000000001,100.00593846153846,7509.129999999999,18.60059384615385,571.582,18.509949230769234,570.7200000000001,5.0,0.05118815384615385,1.5126361538461537,0.053066615384615386,0.6682636769230769,0.8129052769230769,3.6268446153846163,0.48605257846153843,0.23292968000000006,944.3823384615384,2522.1576923076923,2944.8898461538465,342.99349230769235,3412.3641538461534,2.943344,0.0,126.37200000000003
2015-11-13 09:00:00,2015-11-13 09:39:00,87.75,87.75,87.75,87.75,87.75,87.75,87.75,87.75,87.75,87.75,87.75,87.75,87.75,87.75,87.75,87.75,87.75,87.75,87.75,87.75,100.0,100.0,79.2,79.2,9.7848,605.9494000000001,2.58242,608.000675,0.213675,0.274726,0.091576,0.091576,0.396825,2.0619687499999997,0.26709462500000003,0.702076,0.6807082,0.7112335,0.091576,3.45390875,997.4105,997.194125,31.141647499999998,30.8674125,599.1095,100.00547499999999,7509.13,18.5315675,571.582,18.440234999999998,570.72,5.0,0.3601955,1.41483875,2.2016185,3.994197975,50.76008145,25.32051575,31.236261749999993,9.6474285,971.6459500000001,2610.8934999999997,2956.83475,355.297975,3524.8850000000007,2.43229125,0.0,126.52260000000001
2015-11-13 09:45:00,2015-11-13 11:09:00,85.0,85.0,85.0,85.0,85.0,85.0,85.0,85.0,71.47058823529412,71.47058823529412,71.47058823529412,71.47058823529412,71.3529411764706,71.3529411764706,71.3529411764706,71.3529411764706,85.0,85.0,85.0,85.0,100.0,100.0,67.62352941176471,67.67058823529412,10.347999999999997,609.0827058823529,3.0235,609.8678235294118,0.21367499999999992,0.27472600000000014,0.09157599999999999,0.09157599999999999,0.39395210588235285,2.1047935294117655,0.271853011764706,0.7020759999999999,0.6517989176470587,0.7157224705882351,0.09157599999999999,3.448611764705881,1002.0567411764708,1001.8496705882352,31.004808235294117,30.91178235294117,600.9707647058823,100.00643529411765,7509.13,18.43104117647058,571.5820000000002,18.34234470588235,570.7200000000003,5.0,0.57818,1.7478302352941175,4.730659529411765,1.4088203670588235,52.85247931764706,30.516057411764706,31.642248117647064,49.43080094117647,962.2683882352942,2605.950588235294,2969.058705882353,354.33230588235284,3367.8181176470594,2.772812588235294,0.0,125.66799999999996
2015-11-13 11:20:00,2015-11-13 11:59:00,85.0,85.0,85.0,85.0,85.0,85.0,85.0,85.0,60.0,60.0,60.0,60.0,60.0,60.0,60.0,60.0,85.0,85.0,85.0,85.0,100.0,100.0,71.9,71.8,10.347999999999999,600.55235,3.0235,603.93185,0.213675,0.274726,0.091576,0.091576,0.38766765,2.10623,0.26556835,0.702076,0.6227104,0.702076,0.091576,3.4203312500000003,925.376175,925.1228500000001,29.954207500000003,30.163902499999995,594.3608,100.0056,7509.13,18.3714,571.582,18.2845625,570.72,5.0,12.058157249999999,1.12332275,5.337299750000001,16.790285925,10.953908625,32.959397,21.692615,4.0117505399999995,888.153175,2416.18825,2959.36875,331.707525,3003.7659999999996,3.1368592499999997,0.0,128.0771
2015-11-13 12:01:00,2015-11-13 13:50:00,76.69090909090909,76.69090909090909,76.69090909090909,76.69090909090909,76.69090909090909,76.69090909090909,76.69090909090909,76.69090909090909,62.45454545454545,62.45454545454545,62.45454545454545,62.45454545454545,62.45454545454545,62.45454545454545,62.45454545454545,62.45454545454545,76.68181818181819,76.68181818181819,76.68181818181819,76.68181818181819,100.0,100.0,72.72727272727273,72.72727272727273,10.347999999999997,598.6622818181819,3.0235,600.4038090909091,0.2136749999999999,0.2747260000000002,0.091576,0.09324097272727273,0.39460503636363625,2.1062300000000005,0.2503055999999999,0.7020760000000004,0.6099455818181819,0.7026309909090912,0.091576,3.3916100000000013,959.970409090909,959.8130090909092,30.793648181818188,30.767992727272716,593.2998636363636,100.00539090909092,7509.130000000002,18.35316909090909,571.5820000000002,18.26733272727272,570.7200000000003,5.0,5.221723363636363,1.1127770545454543,6.385280181818182,9.528803105454546,4.234653545454546,15.041628181818187,15.53945701818182,0.024420059999999997,917.2857545454544,2543.3148181818183,2976.833909090909,341.9396272727273,3227.1936363636355,2.5723478181818185,0.0,129.4284363636363
2015-11-13 13:56:00,2015-11-13 21:15:00,85.0,85.0,85.0,85.0,85.0,85.0,85.0,85.0,84.06818181818181,84.06818181818181,84.06818181818181,84.06818181818181,84.06818181818181,84.06818181818181,84.06818181818181,84.06818181818181,85.0,85.0,85.0,85.0,99.18181818181819,99.16363636363636,74.22727272727273,74.22727272727273,10.363206363636362,604.043675,3.0273778181818174,605.0011613636364,0.21367499999999995,0.2747260000000001,0.091576,0.5458440772727273,0.3966862522727272,2.10623,0.25238682727272727,0.702076,0.6021756772727274,0.7194197500000001,1.1677219113636366,3.3909162500000014,1001.5775272727274,1003.0853613636364,30.642479545454542,30.65862454545455,596.1020181818182,100.00567045454544,7509.130000000002,18.480997954545455,571.5820000000002,18.392575227272722,570.7200000000003,5.0,0.014291272727272725,1.7601875000000002,1.883117322727273,0.26751038636363633,7.688006911363637,6.058248272727272,1.0454827545454546,0.04578756272727273,918.4652886363635,2653.3740227272724,2945.7762954545456,353.7952204545455,3430.8856136363634,2.7399255681818184,0.0,123.61402727272728
2015-11-14 06:31:00,2015-11-14 07:05:00,85.0,85.0,85.0,85.0,85.0,85.0,85.0,85.0,85.0,85.0,85.0,85.0,85.0,85.0,85.0,85.0,85.0,85.0,85.0,85.0,100.0,100.0,86.11428571428571,86.11428571428571,9.45513,598.0899999999999,2.4710000000000005,597.5334,0.21367500000000003,0.2729816857142857,0.09157599999999999,0.09157599999999999,0.3933364857142857,2.1062299999999996,0.20669785714285718,0.7020760000000001,0.5799759999999999,0.7404502857142857,0.030525599999999996,3.38828,929.961657142857,929.9036857142859,30.11511714285714,29.971679999999996,595.4226,100.00585714285714,7509.13,18.25968285714286,571.5819999999999,18.162662857142855,570.7200000000001,5.0,0.33490342857142863,1.8620299999999999,0.25641057142857143,1.4276996857142858,27.860625714285714,3.9324968571428576,4.091226142857143,0.0,871.1314571428572,2453.4080000000004,2989.847142857143,344.76785714285717,3399.371428571429,3.030036571428572,0.0,121.06000000000002
2015-11-14 07:11:00,2015-11-14 07:50:00,85.0,85.0,85.0,85.0,85.0,85.0,85.0,85.0,85.0,85.0,85.0,85.0,85.0,85.0,85.0,85.0,85.0,85.0,85.0,85.0,100.0,100.0,90.0,90.0,9.45513,599.91905,2.471,600.2578,0.213675,0.274726,0.091576,0.091576,0.39072009999999996,2.10623,0.21214875000000002,0.702076,0.5830284500000001,0.7371797499999999,0.030525599999999996,3.3882800000000004,949.7657999999999,949.877325,30.708177499999998,30.6197625,596.821775,100.00625,7509.13,18.2209025,571.582,18.1327875,570.72,5.0,2.7045162499999997,1.86203,15.90049425,5.055710875,77.12455,18.33638525,28.5286925,0.51358375,881.6176250000001,2474.5055,3001.8805,346.800075,3444.6050000000005,2.914743,0.0,121.05999999999999
2015-11-14 08:38:00,2015-11-14 10:27:00,89.45454545454545,89.45454545454545,89.45454545454545,89.45454545454545,89.45454545454545,89.45454545454545,89.45454545454545,89.45454545454545,89.45454545454545,89.45454545454545,89.45454545454545,89.45454545454545,89.5,89.5,89.5,89.5,89.45454545454545,89.45454545454545,89.45454545454545,89.45454545454545,95.43636363636364,95.43636363636364,98.18181818181819,98.18181818181819,9.45513,603.3849727272728,2.4710000000000005,603.2434818181817,0.2136749999999999,0.2747260000000002,0.091576,0.091576,0.39460503636363625,2.1062300000000005,0.24697554545454553,0.7020760000000004,0.6049506454545456,0.7714509999999998,0.04162567272727272,3.3882800000000017,997.0112545454547,997.6669727272728,30.63414454545455,30.582595454545448,596.9810454545454,100.0055,7509.130000000002,18.079734545454542,571.5820000000002,17.993916363636362,570.7200000000003,5.0,0.6257630909090909,0.9612609363636365,19.39393812727272,0.5636034363636363,14.038740536363639,4.981129909090909,11.580640663636368,0.07159509090909091,921.1794272727273,2626.816818181818,2966.631363636364,363.62543636363637,3584.886363636364,2.782925272727273,0.0,123.5146727272728
2015-11-14 10:33:00,2015-11-14 11:16:00,90.0,90.0,90.0,90.0,90.0,90.0,90.0,90.0,90.0,90.0,90.0,90.0,90.0,90.0,90.0,90.0,90.0,90.0,90.0,90.0,100.0,100.0,100.0,100.0,10.405199999999999,599.0964090909091,3.03877,598.4864090909091,0.21367500000000003,0.27472599999999997,0.091576,0.091576,0.3940500454545454,2.1062299999999996,0.26778838636363633,0.7020760000000001,0.6382504545454546,0.7867134999999998,0.0305256,3.3882800000000013,985.4984772727274,985.3512499999998,30.62493181818182,30.62401818181818,592.1053409090908,100.00520454545455,7509.130000000001,18.02755454545454,571.5819999999999,17.94103636363636,570.7200000000001,5.0,0.08671886363636364,0.8658015000000003,1.1585637727272726,0.22477541363636358,0.9518261363636366,3.5034425000000002,3.2967035909090914,0.011100113636363635,910.436659090909,2612.6611363636366,2937.468636363636,353.9602954545455,3576.0656818181815,2.927885454545455,0.0,125.72099999999996
2015-11-14 13:53:00,2015-11-14 17:37:00,85.0,85.0,85.0,85.0,85.0,85.0,85.0,85.0,85.0,85.0,85.0,85.0,85.0,85.0,85.0,85.0,85.0,85.0,85.0,85.0,84.77333333333333,84.77777777777777,96.53333333333333,96.53333333333333,10.412099999999999,597.4595466666666,3.038,598.6029111111111,0.21367499999999995,0.27472600000000014,0.09157600000000002,0.09157600000000002,0.39519702666666656,2.1056873333333335,0.27391191111111124,0.702076,0.6494365066666666,0.7370779999999999,0.03052559999999999,3.420568666666668,995.0753111111111,998.6187822222222,30.540544888888892,30.58748355555557,591.3653511111111,100.00596444444443,7509.130000000002,18.154704,571.5820000000002,18.069319555555555,570.7200000000001,5.0,14.451634488888889,0.35449751555555553,26.44294457777778,22.50671662222222,21.22819524444445,10.911545600000002,14.776150844444443,0.36765737244444446,961.8515022222222,2620.4263555555553,2896.0714222222227,373.37024444444444,3625.2055555555557,2.8796436444444447,0.0,130.12183555555558
2015-11-14 17:43:00,2015-11-14 18:22:00,85.0,85.0,85.0,85.0,85.0,85.0,85.0,85.0,85.0,85.0,85.0,85.0,85.0,85.0,85.0,85.0,85.0,85.0,85.0,85.0,100.0,100.0,90.25,90.25,10.4121,594.9837,3.0380000000000003,597.8048249999999,0.213675,0.274726,0.091576,0.091576,0.39377255,2.10623,0.2960935,0.702076,0.71275975,0.721917175,0.091576,3.3913325,931.1362499999999,931.98145,29.91148,30.115027500000004,593.7584999999999,100.00564999999999,7509.13,18.186807499999997,571.582,18.103205000000003,570.72,5.0,59.87332249999999,1.40568125,23.9224535,12.5305274,6.16605425,5.0702092500000004,5.4548255,0.0,930.0058000000001,2428.83525,2897.72875,353.98052500000006,3285.5957500000004,3.3250795,0.0,129.738
2015-11-14 19:40:00,2015-11-14 20:39:00,85.0,85.0,85.0,85.0,85.0,85.0,85.0,85.0,85.0,85.0,85.0,85.0,85.0,85.0,85.0,85.0,85.0,85.0,85.0,85.0,100.0,100.0,80.86666666666666,80.86666666666666,9.961080000000004,602.6176999999999,2.63584,603.3616666666666,0.21367500000000003,0.2726909833333334,0.091576,0.091576,0.39580751666666664,2.1062299999999996,0.3113560000000001,0.7020759999999999,0.6980059333333332,0.7071634333333332,0.091576,3.4340675000000003,990.2083166666667,992.7795333333332,30.385848333333335,30.629381666666664,593.4442833333334,100.00546666666668,7509.13,18.129573333333337,571.582,18.042075000000004,570.7200000000001,5.0,10.537748,12.999604166666664,26.404150566666665,2.4816841666666676,35.95137250000001,6.678878499999999,33.62129216666667,0.14753770333333335,1036.0590333333334,2588.1071666666667,2855.377333333333,384.60325,3490.78,2.883599666666667,0.0,130.1055
2015-11-15 07:06:00,2015-11-15 07:42:00,85.0,85.0,85.0,85.0,85.0,85.0,85.0,85.0,85.0,85.0,85.0,85.0,85.0,85.0,85.0,85.0,85.0,85.0,85.0,85.0,100.0,96.0,100.0,100.0,9.57189,595.8914054054053,2.4984699999999997,597.7827567567567,0.21367500000000003,0.2747259999999999,0.09157599999999999,0.09157599999999999,0.39517502702702695,2.1095299999999995,0.26647586486486485,0.7020760000000003,0.6608253243243243,0.6888757837837839,0.09157599999999999,3.3882799999999995,920.668081081081,921.3668378378377,29.77958108108108,29.779708108108103,596.6868918918917,100.00594594594594,7509.13,18.013978378378383,571.5819999999998,17.933999999999997,570.7200000000001,5.0,7.303730810810809,1.6227799999999997,5.995280027027026,1.5188300000000001,9.295286216216216,6.374779189189189,28.469962432432432,0.025575054054054056,925.8644594594595,2415.4740540540542,2950.062432432432,364.67943243243246,3281.8197297297297,3.1965510810810813,0.0,126.85099999999996
2015-11-16 07:06:00,2015-11-16 07:35:00,65.0,65.0,65.0,65.0,65.0,65.0,65.0,65.0,65.0,65.0,65.0,65.0,65.0,65.0,65.0,65.0,65.0,65.0,65.0,65.0,100.0,100.0,82.26666666666667,82.26666666666667,9.679489999999996,589.3284666666667,2.2329099999999995,590.8261666666666,0.21367500000000003,0.2747260000000001,0.09157599999999998,0.09157599999999998,0.3642655333333332,2.1347199999999993,0.23199030000000007,0.7020760000000004,0.5840459333333333,0.7020760000000004,0.030525600000000003,3.3882799999999995,934.9907,937.1013,30.181089999999998,30.062493333333336,595.8890666666667,100.0057,7509.130000000001,17.86803666666667,571.582,17.786553333333334,570.7199999999999,5.0,0.10887266666666666,2.05637,51.81116399999999,18.717949566666665,38.534796,6.912897,30.488398666666665,19.06389866666667,959.8318666666668,2455.741333333333,2958.7176666666664,359.40150000000006,3334.840333333333,2.979058,0.0,126.85100000000003
2015-11-16 07:41:00,2015-11-16 09:40:00,75.83333333333333,75.83333333333333,75.83333333333333,75.83333333333333,75.83333333333333,75.83333333333333,75.83333333333333,75.83333333333333,75.80833333333334,75.80833333333334,75.80833333333334,75.80833333333334,75.28333333333333,75.28333333333333,75.28333333333333,75.28333333333333,75.825,75.825,75.825,75.825,100.0,100.0,81.93333333333334,81.93333333333334,9.679489999999998,600.3441500000001,2.23291,601.0045916666667,0.21367499999999995,0.27472600000000014,0.09157600000000003,0.09157600000000003,0.3678267249999999,2.1484562499999993,0.2640420750000001,0.702076,0.62678035,0.7483722499999999,0.03256061333333333,3.3882800000000013,999.251425,1003.5637583333336,30.5869975,30.591599999999985,599.1961249999999,100.00575833333332,7509.130000000002,17.937045833333332,571.5820000000001,17.85580333333333,570.7200000000001,5.0,1.5305750833333334,23.7426183,62.339087558333325,30.444137441666665,59.218063183333335,16.509459250000003,34.92317908333334,29.554333383333333,1028.6088333333335,2571.763,2969.7779166666664,376.737575,3512.7635833333334,2.74780975,0.0,126.85100000000006
2015-11-16 09:46:00,2015-11-16 11:20:00,88.0,88.0,88.0,88.0,88.0,88.0,88.0,88.0,88.0,88.0,88.0,88.0,88.0,88.0,88.0,88.0,88.0,88.0,88.0,88.0,100.0,100.0,74.87368421052632,75.26315789473684,10.347999999999995,612.1415052631579,3.0235000000000003,612.7902210526316,0.21303236842105255,0.27472600000000014,0.09157599999999999,0.09157599999999999,0.3762611263157895,2.2225463157894736,0.27601126315789487,0.7020760000000001,3.0316175473684206,0.8081102105263154,6.259554631578952,3.3882800000000017,1001.3620631578947,1001.9172842105264,30.558584210526302,30.612370526315786,600.6665052631579,100.00609473684212,7509.130000000001,17.920497894736837,571.5820000000002,17.83845473684211,570.7200000000003,5.0,0.7210333684210527,17.5821095368421,69.0986644526316,53.731432452631566,74.02514054736842,34.67547494736842,50.75156105263159,61.71294190526315,1024.781052631579,2516.8296842105265,2967.0292631578945,366.7751052631579,3429.251894736842,2.830971157894736,0.0,127.18399999999994
2015-11-16 13:25:00,2015-11-16 23:39:00,84.33333333333333,84.33333333333333,84.33333333333333,84.33333333333333,84.33333333333333,84.33333333333333,84.33333333333333,84.33333333333333,84.33333333333333,84.33333333333333,84.33333333333333,84.33333333333333,84.32520325203252,84.32520325203252,84.32520325203252,84.32520325203252,84.33333333333333,84.33333333333333,84.33333333333333,84.33333333333333,100.0,100.0,93.37723577235772,93.36260162601626,10.354061463414633,604.8310081300813,3.0234999999999994,605.6639349593495,0.21367499999999998,0.274726,0.09157599999999999,0.6546263463414634,0.3845159333333333,2.2278336585365857,0.3121501463414635,0.6883767512195121,1.334120099186992,0.7954874813008127,0.32168015609756095,3.3883792682926837,996.4744325203251,998.3804195121951,30.62618747967479,30.614898861788614,600.4659739837399,100.00527317073171,7509.129999999999,17.88681089430894,571.5820000000001,17.805592520325202,570.7200000000003,5.0,0.040451886178861786,4.907580574308944,46.01170559512195,6.785041821138211,5.44204105691057,15.601966878048783,30.870242097560975,22.101712203577236,1011.0412113821138,2602.657918699187,2955.1776585365856,360.2358048780488,3440.7714471544714,2.7579998373983736,0.0,125.11169918699188
2015-11-17 07:43:00,2015-11-17 08:17:00,85.0,85.0,85.0,85.0,85.0,85.0,85.0,85.0,85.0,85.0,85.0,85.0,85.0,85.0,85.0,85.0,85.0,85.0,85.0,85.0,100.0,100.0,72.02857142857142,72.02857142857142,10.155700000000001,596.5590857142857,2.3733200000000005,599.3398571428571,0.21367500000000003,0.27472599999999997,0.09157599999999999,0.09157599999999999,0.3619398571428571,2.1062299999999996,0.25379414285714286,0.6759112857142857,1.120707142857143,0.7474274285714287,0.09157599999999999,3.374325714285714,989.3558285714286,987.9690857142858,30.893071428571428,30.64498857142857,592.8962857142859,100.00554285714287,7509.13,17.798791428571434,571.5819999999999,17.719454285714285,570.7200000000001,5.0,1.6562011428571428,0.4247338857142857,12.359152514285714,1.1817537428571432,18.345538399999995,9.920641428571429,29.313621142857144,21.133786571428573,983.6969714285713,2617.822571428572,2963.916285714286,353.9072285714286,3489.7022857142856,2.9717022857142856,0.0,118.88399999999999
2015-11-17 09:16:00,2015-11-17 10:50:00,85.0,85.0,85.0,85.0,85.0,85.0,85.0,85.0,85.0,85.0,85.0,85.0,85.0,85.0,85.0,85.0,85.0,85.0,85.0,85.0,100.0,100.0,70.0,70.0,10.151100000000003,595.5224210526317,2.3733200000000005,591.864642105263,0.2136749999999999,0.27472600000000014,0.09157599999999999,0.09157599999999999,0.3916840315789472,2.106230000000001,0.27986705263157907,0.6435955684210526,1.1294299999999997,0.7335649473684214,0.09157599999999999,3.3246594736842097,996.2774842105264,1001.6342631578952,30.727574736842104,30.683737894736844,590.0870210526316,100.00602105263162,7509.130000000001,17.69736210526316,571.5820000000002,17.61317894736842,570.7200000000003,5.0,0.0,0.0,0.6468094736842105,0.3826873052631579,1.149347631578947,2.46995947368421,10.144914947368425,0.0,983.461894736842,2684.5988421052634,2974.465052631578,359.03778947368426,3446.7646315789475,2.7637313684210514,0.0,123.68589473684214
2015-11-17 10:56:00,2015-11-17 11:45:00,85.0,85.0,85.0,85.0,85.0,85.0,85.0,85.0,85.0,85.0,85.0,85.0,85.0,85.0,85.0,85.0,85.0,85.0,85.0,85.0,100.0,100.0,71.6,71.6,10.4212,598.69704,3.0372399999999997,593.5398600000001,0.21367500000000003,0.274726,0.091576,0.091576,0.396825,2.10623,0.27716799999999997,0.6434670399999999,1.1501868,0.7570209999999998,0.091576,3.3272299999999997,996.5754200000001,1000.46574,30.805872,30.718995999999997,592.91998,100.00514000000001,7509.13,17.6768,571.5819999999999,17.5996,570.7200000000001,5.0,0.0,0.0,4.73260074,0.41025604,2.6300364000000003,7.042738000000001,27.814403000000002,3.6935260199999997,974.3832999999998,2660.2332,2974.1112,358.92690000000005,3472.7657999999997,2.6480124000000003,0.0,123.10400000000001
2015-11-17 14:31:00,2015-11-17 15:10:00,85.0,85.0,85.0,85.0,85.0,85.0,85.0,85.0,85.0,85.0,85.0,85.0,85.0,85.0,85.0,85.0,85.0,85.0,85.0,85.0,95.375,95.375,79.625,79.625,9.416210000000001,592.131675,3.03724,595.199525,0.213675,0.274726,0.091576,0.091576,0.396825,2.10623,0.24725305000000003,0.651708925,0.8241759999999999,0.71275975,0.091576,3.3791225000000003,951.2221000000002,950.0,31.016485,30.9461275,585.506725,100.00500000000001,7509.13,17.667804999999998,571.582,17.585465,570.72,5.0,5.79441475,2.3527176499999998,10.238097575000001,0.9462768500000001,3.59280075,11.135532500000002,13.905679999999998,3.5401420000000003,917.590675,2553.05675,2955.07675,339.18532500000003,3393.5332500000004,3.00344575,0.0,125.41105
2015-11-17 15:16:00,2015-11-17 15:59:00,85.0,85.0,85.0,85.0,85.0,85.0,85.0,85.0,85.0,85.0,85.0,85.0,85.0,85.0,85.0,85.0,85.0,85.0,85.0,85.0,100.0,100.0,66.81818181818181,66.81818181818181,9.98397,585.4364999999999,2.92582,588.9410681818182,0.21367500000000003,0.27472599999999997,0.091576,0.091576,0.396825,2.1048424999999997,0.22061261363636364,0.6465750909090908,0.824176,0.7020760000000001,0.091576,3.336942499999999,991.5140227272727,995.4547727272726,30.80639318181818,30.818104545454556,579.142909090909,100.00579545454546,7509.130000000001,17.659861363636363,571.5819999999999,17.57740454545454,570.7200000000001,5.0,0.0,1.2494436363636363,0.8533139772727274,0.8033635,1.159955,2.1991925,1.8467675000000001,0.0,975.8376590909091,2709.0047727272727,2942.0299999999997,362.3930681818182,3497.3231818181816,2.768793636363636,0.0,123.47599999999997
2015-11-17 16:01:00,2015-11-17 17:04:00,85.0,85.0,85.0,85.0,85.0,85.0,85.0,85.0,85.0,85.0,85.0,85.0,85.0,85.0,85.0,85.0,85.0,85.0,85.0,85.0,98.75,98.75,78.984375,78.984375,9.98397,589.19428125,2.92582,588.722609375,0.21272109375000003,0.274726,0.091576,0.091576,0.395871109375,2.10527609375,0.22989167187500004,0.647702453125,0.8251299218749998,0.706845515625,0.091576,3.3329534375000005,988.397859375,993.6413749999999,30.6732453125,30.752151562500003,586.365515625,100.00559375,7509.129999999999,17.645884375,571.582,17.560653125,570.7200000000001,5.0,0.0,0.0,0.816544875,0.6639197187500001,1.053111875,2.1005065624999997,2.4925621875,0.0,962.7738125,2673.3209374999997,2991.803125,348.970109375,3490.90234375,2.8886225000000003,0.0,123.476
2015-11-18 09:18:00,2015-11-18 10:17:00,85.0,85.0,85.0,85.0,85.0,85.0,85.0,85.0,85.0,85.0,85.0,85.0,85.0,85.0,85.0,85.0,85.0,85.0,85.0,85.0,100.0,100.0,100.0,100.0,9.727560000000002,601.9931333333334,3.0174000000000003,601.7664333333331,0.21367500000000003,0.274726,0.091576,0.091576,0.37851029999999997,2.022795,0.27167345000000004,0.6410249999999998,0.8241759999999999,0.7071635,0.12922356666666665,3.3323174999999994,999.8013166666666,1000.0,30.917180000000005,30.771700000000003,598.5929500000001,100.0051,7509.13,17.549913333333333,571.582,17.471428333333336,570.7200000000001,5.0,0.25641041666666664,1.3212250000000003,27.077740499999997,0.37545808333333325,7.551894283333334,17.61904916666667,20.996132199999998,0.16178266666666669,1025.8805,2639.807,2991.025,365.84631666666667,3584.9851666666664,2.7123389999999996,0.0,126.90899999999998
2015-11-18 10:23:00,2015-11-18 11:22:00,85.0,85.0,85.0,85.0,85.0,85.0,85.0,85.0,85.0,85.0,85.0,85.0,85.0,85.0,85.0,85.0,85.0,85.0,85.0,85.0,100.0,100.0,98.53333333333333,98.53333333333333,10.364000000000004,600.1455166666664,3.0227399999999998,603.3306,0.21367500000000003,0.274726,0.091576,0.091576,0.3917375833333333,2.04111,0.274726,0.6410249999999998,0.8241759999999999,0.7193734999999999,0.091576,3.3343525,998.0167833333333,998.4291,30.907606666666666,30.812749999999998,599.5987500000002,100.00565000000002,7509.13,17.5482,571.582,17.470571666666668,570.7200000000001,5.0,0.2757429833333333,6.778582666666667,43.404558466666664,0.38766783333333343,2.870371199999999,17.48880833333334,8.463576833333331,0.6527270166666667,985.8628333333332,2624.4220000000005,2990.4465000000005,353.6102166666667,3389.4828333333335,2.762286333333334,0.0,128.15959999999998
2015-11-18 13:17:00,2015-11-18 13:46:00,85.0,85.0,85.0,85.0,85.0,85.0,85.0,85.0,85.0,85.0,85.0,85.0,85.0,85.0,85.0,85.0,85.0,85.0,85.0,85.0,100.0,100.0,93.33333333333333,93.33333333333333,9.363549999999998,587.8219,3.0227399999999998,591.2159333333333,0.21367500000000003,0.2747260000000001,0.09157599999999998,0.09157599999999998,0.38868513333333327,2.059425,0.27065593333333343,0.6410249999999997,0.8241760000000002,0.7224260000000002,0.09157599999999998,3.32723,968.7666333333331,969.0394666666666,30.571810000000003,30.65539000000001,588.6735666666666,100.00510000000001,7509.130000000001,17.5482,571.582,17.46843,570.7199999999999,5.0,0.0,0.20553500000000008,0.020350399999999998,0.2991459666666667,1.1029732666666667,2.397235,1.0968659333333335,0.0,985.5596666666668,2631.754333333333,2916.558,365.8953,3447.595333333333,2.7073726666666666,0.0,129.36499999999995
2015-11-18 13:52:00,2015-11-18 23:46:00,85.0,85.0,85.0,85.0,85.0,85.0,85.0,85.0,85.0,85.0,85.0,85.0,85.0,85.0,85.0,85.0,85.0,85.0,85.0,85.0,100.0,100.0,76.5798319327731,76.5798319327731,10.357368739495799,597.577112605042,3.026805882352941,597.721487394958,0.21357239495798322,0.274623393277311,0.09157599999999999,0.09157599999999999,0.386154250420168,2.0017780672268906,0.27995885546218496,0.6426667075630251,0.8241759999999997,0.7428102016806721,0.09157599999999999,3.327640420168067,998.730025210084,999.6538201680673,30.817867394957982,30.78315428571428,597.3524403361345,100.00541512605042,7509.129999999999,17.58702453781513,571.5820000000001,17.498813949579834,570.7200000000003,5.0,2.0924267478991596,1.7969225596638658,13.86616128907563,0.6135789199999998,23.09647358487395,16.547902840336135,11.685137922689076,2.256184806722689,1028.397576470588,2651.837394957983,2948.463781512605,368.13663529411764,3401.001445378151,2.6786352605042016,0.0,127.18754285714284
2015-11-19 06:33:00,2015-11-19 07:17:00,85.0,85.0,85.0,85.0,85.0,85.0,85.0,85.0,85.0,85.0,85.0,85.0,85.0,85.0,85.0,85.0,85.0,85.0,85.0,85.0,100.0,100.0,76.0,76.0,9.299449999999998,596.4452000000001,2.43437,598.5150666666667,0.21367500000000003,0.27472599999999997,0.091576,0.091576,0.3886851333333333,2.108943333333333,0.2760826666666666,0.6450950666666665,0.8241760000000001,0.7861893333333332,0.091576,3.3340133333333317,939.1878222222222,940.1858888888888,30.411084444444445,30.41852,595.4737333333334,100.00522222222222,7509.130000000001,17.43559111111111,571.5819999999998,17.34583111111111,570.7200000000001,5.0,9.647942444444444,1.1728401111111113,2.7085888888888894,0.6464517555555557,27.823213933333328,21.99361688888889,24.812788266666672,2.5403586666666667,936.5838444444445,2486.4355555555558,2972.846,339.50106666666665,3164.659999999999,2.6727204444444443,0.0,123.18546666666661
2015-11-19 07:28:00,2015-11-19 11:52:00,91.6377358490566,91.6377358490566,91.6377358490566,91.6377358490566,91.6377358490566,91.6377358490566,91.6377358490566,91.6377358490566,91.6377358490566,91.6377358490566,91.6377358490566,91.6377358490566,91.67547169811321,91.67547169811321,91.67547169811321,91.67547169811321,91.6377358490566,91.6377358490566,91.6377358490566,91.6377358490566,91.17735849056604,91.17735849056604,83.56981132075472,83.4566037735849,10.299900000000001,606.6428490566038,2.4343700000000004,607.4842264150943,0.213675,0.2744956188679246,0.09157600000000003,0.09157600000000003,0.3954427584905659,2.1129109433962263,0.3171154301886793,0.651852913207547,0.8241759999999997,0.7792524113207545,0.09157600000000003,3.3341413207547173,999.9490264150944,1000.5375999999999,30.740250188679244,30.729236226415097,600.444883018868,100.00582641509435,7509.130000000001,17.47993773584906,571.582,17.389876981132076,570.7200000000001,5.0,0.11864456603773585,0.32345029433962263,20.8921357509434,0.19397825433962265,14.0390956,11.970535622641508,23.82830372830189,8.456814705660376,984.6777547169811,2625.108641509434,2963.0182264150944,361.9143811320755,3492.2787169811327,2.8861995849056603,0.0,122.91799999999998
2015-11-19 11:58:00,2015-11-19 16:15:00,95.0,95.0,95.0,95.0,95.0,95.0,95.0,95.0,95.0,95.0,95.0,95.0,95.0,95.0,95.0,95.0,95.0,95.0,95.0,95.0,98.78294573643412,98.78294573643412,94.30232558139535,94.30232558139535,10.361700000000003,602.4511705426356,3.0234999999999994,604.4060077519379,0.213675,0.2747260000000001,0.09157600000000002,0.09157600000000002,0.39516863178294565,2.11711488372093,0.3045411162790698,0.647177426356589,0.8244126317829455,0.7690416899224805,0.09157600000000002,3.329123023255814,999.486511627907,1000.3288372093025,30.606940697674418,30.60345891472868,595.3293217054262,100.00536046511628,7509.13,17.4193011627907,571.5820000000001,17.33602480620155,570.7200000000001,5.0,0.015854108527131785,0.2084695620155039,3.8586957403100763,0.05608138139534886,0.9165795891472868,2.830548100775194,6.797616775193797,1.0221148837209304,974.6211666666667,2656.1779069767445,2924.8125968992244,361.4618759689923,3551.181782945736,3.255217868217054,0.0,123.94100000000002
2015-11-19 17:28:00,2015-11-19 18:47:00,95.0,95.0,95.0,95.0,95.0,95.0,95.0,95.0,95.0,95.0,95.0,95.0,95.0,95.0,95.0,95.0,95.0,95.0,95.0,95.0,100.0,100.0,78.5375,78.5375,10.3571,601.718825,3.0234999999999994,602.2855,0.213675,0.2747260000000001,0.091576,0.091576,0.39606188749999993,2.065784375,0.28769912500000006,0.6456038249999999,0.8249391374999998,0.8218866874999999,0.091576,3.3516500000000002,975.44045,974.9973875,30.645590000000006,30.66268625,592.8880624999999,100.0054375,7509.13,17.389707500000004,571.5820000000001,17.291,570.7200000000001,5.0,0.076312625,22.9326961375,0.38232606250000006,0.22092488999999998,0.6326307250000001,39.935894250000004,1.4987785624999996,0.0362485,973.0758874999999,2574.717625,2953.30575,355.83511250000004,3554.9675,3.349558499999999,0.0,121.936
2015-11-23 10:00:00,2015-11-23 10:29:00,85.0,85.0,85.0,85.0,85.0,85.0,85.0,85.0,85.0,85.0,85.0,85.0,85.0,85.0,85.0,85.0,85.0,85.0,85.0,85.0,99.86666666666666,100.0,89.13333333333334,89.13333333333334,9.546699999999996,603.2802333333333,2.1962800000000002,607.3073333333334,0.21367500000000003,0.2747260000000001,0.09157599999999998,0.09157599999999998,0.3601955999999999,2.22426,0.280831,0.7020760000000004,2.9548248666666663,0.7692309999999999,0.6573065333333334,3.292635,989.3514333333334,990.4137,30.623523333333335,30.787929999999992,596.4841666666669,100.00359999999999,7509.130000000001,16.81600666666666,571.582,16.72948333333333,570.7199999999999,5.0,0.41310566666666665,4.94302433333333,22.958900200000002,0.7183556666666663,8.996740700000002,19.26536633333333,24.391542333333334,0.3428978866666667,1037.4843333333333,2602.2289999999994,2894.574333333333,367.7418,3515.5753333333337,2.899358,0.0,126.49200000000003
2015-11-23 10:35:00,2015-11-23 11:04:00,85.0,85.0,85.0,85.0,85.0,85.0,85.0,85.0,85.0,85.0,85.0,85.0,85.0,85.0,85.0,85.0,85.0,85.0,85.0,85.0,100.0,100.0,79.0,79.0,10.297599999999997,599.0145333333334,3.018159999999999,602.2547999999999,0.21367500000000003,0.2726909666666667,0.09157599999999998,0.09157599999999998,0.3622305666666666,2.2222250000000003,0.2747260000000001,0.6919008333333335,1.1904800000000002,0.7468460000000002,0.09157599999999998,3.2743200000000012,990.7508666666666,990.2285333333332,30.96620333333334,30.845283333333327,593.6949333333336,100.00503333333334,7509.130000000001,16.810866666666666,571.582,16.730339999999998,570.7199999999999,5.0,0.49247066666666667,1.7378949999999995,15.3418743,0.6471302333333335,1.3003683333333333,3.133905,2.0655300000000003,0.0,1025.7627,2628.5136666666663,2917.5333333333333,360.7669666666668,3371.304333333333,2.781409333333334,0.0,126.4562
2015-11-23 14:25:00,2015-11-23 19:54:00,80.37272727272727,80.37272727272727,80.37272727272727,80.37272727272727,80.37272727272727,80.37272727272727,80.37272727272727,80.37272727272727,80.37272727272727,80.37272727272727,80.37272727272727,80.37272727272727,80.36363636363636,80.36363636363636,80.36363636363636,80.36363636363636,80.37272727272727,80.37272727272727,80.37272727272727,80.37272727272727,100.0,100.0,80.73939393939393,80.73939393939393,10.325450606060608,601.4212818181818,3.0240685757575756,602.7598696969696,0.213675,0.2747260000000001,0.091576,1.1333115575757577,0.39423504242424234,2.118625,0.30377099696969706,0.6417650121212121,1.9306614696969695,0.7660859999999999,1.3778815272727274,3.309655,1000.5951454545454,1001.0400515151515,30.818556666666666,30.764734242424243,594.9875575757576,100.00549090909092,7509.130000000001,16.822081212121212,571.5820000000001,16.733455151515155,570.7200000000001,5.0,0.13301524242424245,1.4770434515151516,7.377067736969698,0.8650622909090909,1.1322038393939395,9.543051181818182,14.994637730303031,0.016372515151515152,991.6021848484849,2654.691090909091,2931.7947575757576,364.1775090909091,3495.006606060606,2.716355787878788,0.0,128.03993333333332
2015-11-25 06:43:00,2015-11-25 07:12:00,90.0,90.0,90.0,90.0,90.0,90.0,90.0,90.0,90.0,90.0,90.0,90.0,90.0,90.0,90.0,90.0,90.0,90.0,90.0,90.0,100.0,100.0,100.0,100.0,9.445969999999997,595.4226,2.4679500000000005,594.2053666666666,0.18315000000000006,0.2747260000000001,0.09157599999999998,0.09157599999999998,0.3378109666666665,2.106229999999999,0.15262500000000004,0.5860809,0.761091,0.7122510000000003,0.09157599999999998,3.2661800000000007,920.3725999999999,920.0437,30.15874,29.89278,597.8207,100.00523333333332,7509.130000000001,16.43887333333333,571.582,16.340356666666665,570.7199999999999,5.0,0.0,0.42124523333333336,9.394578666666668,0.24013033333333336,1.0500616,2.1489649999999996,7.544765333333333,0.0,818.2400333333335,2433.456666666667,3026.635,346.18653333333333,3425.1926666666664,3.0222213333333334,0.0,114.84099999999998
2015-11-25 07:18:00,2015-11-25 07:56:00,90.0,90.0,90.0,90.0,90.0,90.0,90.0,90.0,90.0,90.0,90.0,90.0,90.0,90.0,90.0,90.0,90.0,90.0,90.0,90.0,100.0,100.0,100.0,100.0,9.445969999999997,594.9002564102565,2.4679500000000005,595.3698461538461,0.17923653846153853,0.2747259999999999,0.09157599999999998,0.09157599999999998,0.3373413589743588,2.1062299999999996,0.1526250000000001,0.5893681538461535,0.7615606153846153,0.7052067692307695,0.09157599999999998,3.2661800000000007,954.7151025641028,954.8894102564102,30.786135897435905,30.769353846153845,593.1727692307692,100.00500000000001,7509.13,16.417258974358976,571.5819999999998,16.33354615384616,570.7200000000003,5.0,0.0,0.24028679487179494,0.388998717948718,0.0,0.9196654615384617,1.5739992307692312,0.336558358974359,0.0,845.2512051282052,2539.8274358974354,3016.9325641025634,354.8336666666667,3526.9043589743587,3.1101248717948713,0.0,116.842
2015-11-25 08:21:00,2015-11-25 09:09:00,90.0,90.0,90.0,90.0,90.0,90.0,90.0,90.0,90.0,90.0,90.0,90.0,90.0,90.0,90.0,90.0,90.0,90.0,90.0,90.0,94.57142857142857,94.57142857142857,100.0,100.0,9.44597,585.4838163265306,2.46795,583.0712857142856,0.18003520408163268,0.274726,0.091576,0.091576,0.33577599999999996,2.10623,0.152625,0.5961726734693877,0.755650469387755,0.6970922244897959,0.091576,3.2063759183673466,915.0126326530614,916.0976326530612,29.426628571428566,29.816610204081634,581.4191428571429,100.00538775510205,7509.13,16.40034081632653,571.5819999999999,16.30059387755102,570.7200000000001,5.0,0.0,0.2983979591836735,0.0,0.0,0.6896164897959183,1.6315351020408162,0.0,0.0,828.7892653061224,2471.14,2980.462244897959,345.1287551020408,3419.764693877551,3.576268775510204,0.0,117.94514285714284
2015-11-25 13:32:00,2015-11-25 14:10:00,90.0,90.0,90.0,90.0,90.0,90.0,90.0,90.0,90.0,90.0,90.0,90.0,90.0,90.0,90.0,90.0,90.0,90.0,90.0,90.0,68.0,68.0,100.0,100.0,9.331500000000002,581.196564102564,2.7006999999999994,580.8683333333333,0.1948903846153847,0.2747259999999999,0.09157599999999998,0.09157599999999998,0.33577599999999985,2.1062299999999996,0.1526250000000001,0.6394596410256408,0.7365144615384617,0.6895528205128209,0.09157599999999998,3.2630492307692314,905.1459743589745,905.4485384615385,29.093023076923075,29.473551282051282,576.8554615384616,100.00402564102563,7509.13,16.338176923076933,571.5819999999998,16.236599999999992,570.7200000000003,5.0,0.0,0.7474721538461542,0.0,0.0,0.853918794871795,1.6053069230769235,0.0,0.0,859.7237692307692,2462.6235897435895,2917.413846153846,340.82830769230765,3335.567692307692,3.691568461538461,0.0,119.13600000000005
2015-11-25 15:35:00,2015-11-25 16:09:00,90.0,90.0,90.0,90.0,90.0,90.0,90.0,90.0,90.0,90.0,90.0,90.0,90.0,90.0,90.0,90.0,90.0,90.0,90.0,90.0,68.0,68.0,100.0,100.0,9.3315,594.5848571428572,2.7007,593.4642857142857,0.1997207142857143,0.27472599999999997,0.09157599999999999,0.09157599999999999,0.33577599999999996,2.1062299999999996,0.15262500000000004,0.6410249999999998,0.7317288571428572,0.6985873428571431,0.09157599999999999,3.2644357142857143,916.1347999999999,915.7788857142858,29.70554571428572,29.75329714285714,595.028657142857,100.00511428571428,7509.13,16.565025714285717,571.5819999999999,16.459188571428573,570.7200000000001,5.0,0.0,0.5398574285714286,0.1909996285714286,0.0,1.0683700000000003,1.9318014285714287,1.149486342857143,0.0,874.0747428571428,2435.3451428571434,2800.1717142857137,349.6433428571429,3337.8957142857143,3.3112628571428573,0.0,117.13399999999999
2015-11-25 16:15:00,2015-11-25 16:59:00,90.0,90.0,90.0,90.0,90.0,90.0,90.0,90.0,90.0,90.0,90.0,90.0,90.0,90.0,90.0,90.0,90.0,90.0,90.0,90.0,71.88888888888889,71.86666666666666,97.73333333333333,97.73333333333333,9.3315,594.5667333333332,2.7006999999999994,595.7703777777778,0.2001083333333334,0.27472599999999997,0.091576,0.091576,0.33577599999999996,2.1062299999999996,0.15262500000000007,0.6410249999999998,0.7264960000000003,0.7034326444444446,0.091576,3.266179999999999,941.452688888889,941.6962,30.525017777777773,30.77668222222222,594.7008888888888,100.0057111111111,7509.130000000001,16.560620000000004,571.5819999999998,16.462860000000006,570.7200000000001,5.0,0.010175,0.6478091111111113,0.014244999999999999,0.0,1.0520926666666668,2.4128366666666663,4.637763111111111,0.0,911.5716666666666,2502.8084444444444,2792.0842222222223,354.45286666666664,3393.270444444445,3.2765673333333343,0.0,117.134
2015-11-25 17:05:00,2015-11-25 18:05:00,90.0,90.0,90.0,90.0,90.0,90.0,90.0,90.0,90.0,90.0,90.0,90.0,90.0,90.0,90.0,90.0,90.0,90.0,90.0,90.0,73.1311475409836,73.1311475409836,97.0,97.0,9.356277049180322,594.9662295081965,2.73972950819672,596.4688852459018,0.19766188524590167,0.274726,0.09157599999999999,0.09157599999999999,0.33477518032786885,2.10623,0.15362581967213118,0.6410249999999998,0.73710468852459,0.7080809016393441,0.09157599999999999,3.265179180327868,912.5370000000001,912.2404262295081,29.65352950819672,29.911029508196723,595.8906393442624,100.00508196721309,7509.13,16.564567213114753,571.582,16.465908196721312,570.7200000000003,5.0,0.0,0.6089992950819674,0.0,0.0,1.081382786885246,14.243176721311475,5.880819704918032,0.16563583606557375,908.0731967213115,2408.111639344262,2795.1614754098355,345.05929508196726,3244.311475409836,3.1635144262295087,0.0,116.2084262295082
2015-11-26 06:37:00,2015-11-26 07:51:00,85.0,85.0,85.0,85.0,85.0,85.0,85.0,85.0,85.0,85.0,85.0,85.0,85.0,85.0,85.0,85.0,85.0,85.0,85.0,85.0,95.66666666666667,95.66666666666667,78.77333333333333,78.77333333333333,9.819139999999997,605.0233733333333,2.558,604.9880266666667,0.19820900000000005,0.2739119866666668,0.091576,0.091576,0.335776,2.1062300000000005,0.157509,0.641025,0.7224259999999999,0.6678876266666667,0.091576,3.266179999999999,950.9279599999999,951.0437066666666,30.83109733333333,30.801008000000003,601.9284133333333,100.00502666666667,7509.13,15.928429333333334,571.5820000000001,15.829654666666663,570.7200000000001,5.0,3.1131449600000005,23.351654485333334,13.700036533333332,0.12087919999999999,9.801791253333334,39.09931866666666,40.488005333333334,8.606429789333333,988.9184666666666,2456.1086666666665,2824.3724,358.95093333333335,3267.020666666667,3.0228205333333333,0.0,117.97132000000002
2015-11-26 10:06:00,2015-11-26 10:37:00,90.0,90.0,90.0,90.0,90.0,90.0,90.0,90.0,90.0,90.0,90.0,90.0,90.0,90.0,90.0,90.0,90.0,90.0,90.0,90.0,76.0,76.0,100.0,100.0,9.365839999999999,599.628125,2.72741,599.32015625,0.20985937500000001,0.274726,0.091576,0.091576,0.335776,2.10623,0.1545328125,0.641025,0.7345088125000001,0.690629,0.091576,3.26618,912.8226875,912.3278124999999,29.46124375,29.692887499999998,600.9304999999999,100.00496875,7509.13,15.814759375000001,571.582,15.72079375,570.72,5.0,0.08966734374999999,4.605464812499999,20.857189375,6.14983625,1.59874953125,41.716278125,38.36996875,55.250303125,957.0070000000001,2364.6546875,2813.5284375,350.74434375,3173.7631249999995,3.1243990625,0.0,120.40899999999999
2015-11-26 16:32:00,2015-11-26 17:16:00,85.33333333333333,85.33333333333333,85.33333333333333,85.33333333333333,85.33333333333333,85.33333333333333,85.33333333333333,85.33333333333333,85.33333333333333,85.33333333333333,85.33333333333333,85.33333333333333,85.33333333333333,85.33333333333333,85.33333333333333,85.33333333333333,85.33333333333333,85.33333333333333,85.33333333333333,85.33333333333333,68.71111111111111,68.62222222222222,100.0,100.0,9.31319,600.7753999999999,2.712149999999999,603.690911111111,0.20960500000000007,0.27336931111111107,0.091576,0.091576,0.33577599999999996,2.1672800000000003,0.1580516666666667,0.6410249999999998,0.7482026666666667,0.6966492444444445,0.091576,3.266179999999999,921.4479555555556,921.6897555555555,29.951162222222234,29.91246666666667,599.4349555555556,100.00659999999999,7509.130000000001,16.08747333333334,571.5819999999998,15.983497777777776,570.7200000000001,5.0,2.247999688888889,66.69852888888889,34.526526000000004,2.2072976444444445,27.262930666666666,49.59502666666666,49.05914888888889,51.36142266666667,951.5461555555555,2336.602,2850.150444444444,344.5667555555555,3231.483333333334,3.1432335555555557,0.0,115.04
2015-11-26 17:22:00,2015-11-26 18:01:00,85.0,85.0,85.0,85.0,85.0,85.0,85.0,85.0,85.0,85.0,85.0,85.0,85.0,85.0,85.0,85.0,85.0,85.0,85.0,85.0,94.8,94.8,98.2,98.2,9.313189999999999,601.269,2.71215,605.33175,0.20451750000000005,0.274726,0.091576,0.091576,0.335776,2.12607125,0.23504295000000003,0.641025,0.7539684999999999,0.697497175,0.091576,3.26465375,957.1963,956.4592,30.956962499999996,30.895114999999997,598.7314250000001,100.00437500000001,7509.13,16.007127500000003,571.582,15.906884999999999,570.72,5.0,25.156437500000003,10.879871175000002,30.883695999999997,33.34630075,41.93221294999999,54.378817500000004,39.592484999999996,46.274430425000006,984.147875,2431.1760000000004,2829.7400000000002,348.789525,3317.2,3.046315,0.0,115.390175
2015-11-26 18:07:00,2015-11-26 20:01:00,85.0,85.0,85.0,85.0,85.0,85.0,85.0,85.0,85.0,85.0,85.0,85.0,85.0,85.0,85.0,85.0,85.0,85.0,85.0,85.0,100.0,100.0,92.8,92.8,9.313189999999997,599.8406434782607,2.7121500000000007,600.7575217391304,0.20146499999999998,0.2731333652173914,0.09157600000000002,0.09157600000000002,0.33630686086956535,2.1534773913043477,0.221107304347826,0.6410249999999998,0.7408294782608696,0.6951745739130437,0.09157600000000002,3.2656491304347823,941.6008695652174,941.8138086956523,30.634915652173913,30.650879130434785,599.3062521739131,100.00613913043476,7509.130000000002,15.97547043478261,571.5820000000002,15.876200869565215,570.7200000000001,5.0,2.4244824695652176,12.894036695652176,8.882519582608696,1.2703723913043479,18.131073939130438,44.92090252173913,39.809686086956525,16.65976455652174,958.6934782608696,2443.0057391304344,2804.3059999999996,345.5895043478261,3249.2044347826095,3.0121233913043475,0.0,117.82439130434776
2015-11-26 20:07:00,2015-11-26 20:56:00,85.0,85.0,85.0,85.0,85.0,85.0,85.0,85.0,85.0,85.0,85.0,85.0,85.0,85.0,85.0,85.0,85.0,85.0,85.0,85.0,100.0,100.0,88.0,88.0,9.313189999999999,598.872,2.7121500000000003,599.6837,0.200244,0.274726,0.091576,0.091576,0.33577599999999996,2.147744,0.20634902,0.641025,0.7301589999999999,0.702076,0.091576,3.2649589999999993,946.177,945.9588,30.622961999999998,30.695410000000003,599.02282,100.00526000000002,7509.13,15.694643999999998,571.5819999999999,15.593341999999998,570.7200000000001,5.0,0.4450553399999999,0.9462764760000002,0.561661,1.3742354,11.25884462,35.4542124,32.667896539999994,13.86202558,969.99264,2481.6822,2780.3634,346.39795999999996,3255.0959999999995,2.9230132,0.0,119.04299999999998
2015-11-26 21:02:00,2015-11-26 21:46:00,85.0,85.0,85.0,85.0,85.0,85.0,85.0,85.0,85.0,85.0,85.0,85.0,85.0,85.0,85.0,85.0,85.0,85.0,85.0,85.0,100.0,100.0,88.0,88.0,9.31319,599.441288888889,2.712149999999999,601.3198444444445,0.19061166666666673,0.27336931111111107,0.091576,0.091576,0.33577599999999996,2.1659233333333336,0.21231837777777784,0.6410249999999998,0.7292093333333333,0.6925792000000002,0.091576,3.266179999999999,959.2496222222222,958.3207111111111,31.028371111111113,30.856711111111114,598.6435111111111,100.00415555555556,7509.130000000001,15.67670888888889,571.5819999999998,15.568115555555561,570.7200000000001,5.0,4.190062133333333,8.458143911111112,11.029033777777776,5.295751266666667,24.351510133333335,37.10418822222222,35.99307733333334,20.63492066666667,978.7491333333332,2503.8213333333333,2788.1873333333333,350.2164666666667,3282.001555555555,2.8970804444444442,0.0,119.04299999999995
2015-11-26 21:52:00,2015-11-26 22:26:00,85.0,85.0,85.0,85.0,85.0,85.0,85.0,85.0,85.0,85.0,85.0,85.0,85.0,85.0,85.0,85.0,85.0,85.0,85.0,85.0,100.0,100.0,89.14285714285714,89.14285714285714,9.31319,599.961742857143,2.7121499999999994,600.0869142857143,0.19274357142857146,0.27472599999999997,0.09157599999999999,0.09157599999999999,0.33577599999999996,2.1533257142857147,0.20844217142857144,0.6410249999999998,0.7247517142857144,0.6881215428571429,0.09157599999999999,3.2661800000000003,933.8526285714285,929.2164857142858,30.61923714285714,30.26835428571429,600.1335142857142,100.00491428571429,7509.13,15.613688571428568,571.5819999999999,15.517442857142854,570.7200000000001,5.0,39.430488000000004,48.22166385714285,49.204601999999994,46.26461314285715,40.42645671428571,48.13447714285714,40.68376371428571,50.01482571428571,940.8045428571428,2346.2111428571425,2837.4871428571428,332.55517142857144,3186.447714285714,2.7291202857142856,0.0,115.78322857142858
2015-11-27 00:11:00,2015-11-27 00:53:00,85.0,85.0,85.0,85.0,85.0,85.0,85.0,85.0,85.0,85.0,85.0,85.0,85.0,85.0,85.0,85.0,85.0,85.0,85.0,85.0,76.97674418604652,76.97674418604652,100.0,100.0,9.086540000000001,599.8483255813954,2.6449900000000004,598.9844651162791,0.195218023255814,0.2733062093023255,0.09157599999999999,0.09157599999999999,0.33577599999999996,2.10764976744186,0.2037366279069768,0.6410249999999998,0.7489283255813954,0.694977046511628,0.09157599999999999,3.2661799999999994,917.9338139534884,917.8835116279071,29.868818604651164,29.91508139534884,599.269093023256,100.00562790697676,7509.130000000001,15.4784488372093,571.5819999999999,15.381027906976744,570.7200000000001,5.0,20.56393618604651,60.36643953488373,41.280488372093025,17.91393744186047,32.45379290697674,43.16027441860465,41.870403720930234,32.615634651162786,925.8266279069767,2320.352093023256,2857.9567441860468,329.1952558139535,3195.0902325581396,3.0741651162790697,0.0,113.97999999999996
2015-11-27 01:17:00,2015-11-27 01:57:00,85.0,85.0,85.0,85.0,85.0,85.0,85.0,85.0,85.0,85.0,85.0,85.0,85.0,85.0,85.0,85.0,85.0,85.0,85.0,85.0,66.58536585365853,66.58536585365853,100.0,100.0,9.08654,599.7329024390243,2.64499,598.9638536585366,0.19282865853658537,0.2732369512195122,0.091576,0.091576,0.335776,2.10623,0.23601073170731707,0.641025,0.763126,0.6678280975609756,0.091576,3.26618,909.7104878048782,909.6435853658536,29.399929268292688,29.604407317073164,599.4498048780488,100.00570731707317,7509.13,15.472195121951216,571.5819999999999,15.376290243902439,570.7200000000001,5.0,7.961818097560976,8.649745746341463,56.96045512195123,46.83954951219513,6.70135956097561,42.41266829268292,33.55594439024391,26.899251219512198,927.9917317073173,2320.925365853658,2852.36243902439,329.261512195122,3181.661219512195,3.1894148780487805,0.0,113.97999999999999
2015-11-27 03:20:00,2015-11-27 03:59:00,85.0,85.0,85.0,85.0,85.0,85.0,85.0,85.0,85.0,85.0,85.0,85.0,85.0,85.0,85.0,85.0,85.0,85.0,85.0,85.0,75.0,75.0,100.0,100.0,9.08654,599.611125,2.64499,599.7571249999999,0.18009750000000002,0.274726,0.091576,0.091576,0.335776,2.10623,0.27167345000000004,0.641025,0.763126,0.677655925,0.091576,3.26618,909.7445250000001,908.859075,29.880940000000002,29.61565,599.256925,100.0061,7509.13,15.526355,571.582,15.42611,570.72,5.0,36.828449,28.643155,50.9020175,54.6245415,30.137362575000004,49.490227499999996,41.96886275,59.174294499999995,929.1335750000001,2286.7082499999997,2862.587,326.61217500000004,3164.8972499999995,3.0907039999999997,0.0,113.97999999999999
2015-11-27 04:27:00,2015-11-27 05:26:00,85.0,85.0,85.0,85.0,85.0,85.0,85.0,85.0,85.0,85.0,85.0,85.0,85.0,85.0,85.0,85.0,85.0,85.0,85.0,85.0,78.63333333333334,78.63333333333334,100.0,100.0,9.086540000000001,599.8682166666665,2.6449900000000004,599.9754166666667,0.19230750000000005,0.27370848333333336,0.091576,0.091576,0.33577599999999996,2.1062299999999996,0.27370848333333336,0.6400075166666664,0.761091,0.6878309666666669,0.091576,3.264144999999999,926.6538333333333,925.8655833333333,30.062453333333337,30.069869999999998,599.3153333333332,100.00621666666665,7509.13,15.654269999999999,571.582,15.554836666666667,570.7200000000001,5.0,24.518209333333335,40.13481483333333,35.42531578333334,25.615078499999992,21.503867816666666,37.18763,35.29507376666666,27.891739316666666,951.7603499999998,2372.6594999999998,2845.4871666666663,335.2097333333333,3211.887833333333,3.0801280000000006,0.0,113.97999999999998
2015-11-27 05:57:00,2015-11-27 07:21:00,85.0,85.0,85.0,85.0,85.0,85.0,85.0,85.0,85.0,85.0,85.0,85.0,85.0,85.0,85.0,85.0,85.0,85.0,85.0,85.0,95.01176470588236,95.01176470588236,100.0,100.0,10.087000000000002,606.6934352941176,2.6449900000000004,607.6348,0.18638205882352948,0.27328950588235307,0.09157599999999999,0.09157599999999999,0.3364942235294118,2.1062300000000005,0.2754442352941178,0.6403067764705882,0.7624077647058821,0.6359980823529412,0.19212918823529412,3.2661800000000003,993.2094352941176,990.8733882352941,31.270994117647056,30.871703529411775,601.5125647058825,100.00531764705882,7509.13,15.533027058823532,571.5820000000002,15.429319999999997,570.7200000000003,5.0,56.69144941176472,83.82708588235292,64.1417082352941,20.7595376,53.564255047058815,48.00725529411765,45.65934705882353,46.71838164705883,1003.3464117647061,2484.1817647058824,2853.381999999999,344.4834588235295,3374.5462352941177,2.5869149411764707,0.0,113.97999999999998
2015-11-27 08:07:00,2015-11-27 09:19:00,85.0,85.0,85.0,85.0,85.0,85.0,85.0,85.0,85.0,85.0,85.0,85.0,85.0,85.0,85.0,85.0,85.0,85.0,85.0,85.0,100.0,100.0,100.0,100.0,9.32692,601.3394657534247,2.71902,602.5197397260275,0.20698458904109593,0.2755623013698631,0.091576,0.091576,0.335776,2.1154293150684933,0.27221705479452063,0.6401887123287671,0.7622896986301368,0.6033920547945206,0.1275370684931507,3.265343698630136,951.1909178082193,948.8502876712329,30.653467123287673,30.58044520547945,598.0082054794519,100.00523287671233,7509.13,15.464595890410957,571.5820000000001,15.352994520547943,570.7200000000001,5.0,48.132959726027394,43.53454671232877,30.926899808219176,18.53287506849315,21.37128567123288,30.272887671232876,25.711693287671235,21.722113602739725,976.6176712328769,2442.505479452055,2830.4853424657535,337.05904109589045,3282.1571232876713,3.1435290410958903,0.0,117.956
2015-11-27 09:21:00,2015-11-27 10:00:00,85.0,85.0,85.0,85.0,85.0,85.0,85.0,85.0,85.0,85.0,85.0,85.0,85.0,85.0,85.0,85.0,85.0,85.0,85.0,85.0,100.0,100.0,100.0,100.0,9.32692,601.000775,2.71902,602.373875,0.213675,0.27625225000000003,0.091576,0.091576,0.335776,2.1565962499999998,0.274726,0.641025,0.763126,0.6013432000000001,0.091576,3.26618,955.6546999999998,956.6353999999999,30.45176,30.83455,597.4732750000001,100.0054,7509.13,15.4749375,571.582,15.3618575,570.72,5.0,3.9797,3.701923,8.800366725,12.16651325,11.6147745,27.672464750000007,23.61643625,11.726189250000001,997.6303,2491.441,2805.8332500000006,341.6366,3295.672499999999,3.176764,0.0,117.95599999999999
2015-11-27 13:37:00,2015-11-27 15:41:00,79.992,79.992,79.992,79.992,80.032,80.032,80.032,80.032,80.032,80.032,80.032,80.032,80.032,80.032,80.024,80.024,80.032,80.032,80.032,80.032,100.0,100.0,100.0,100.0,10.327399999999995,601.1426399999999,2.71902,602.187688,0.2136749999999999,0.2747260000000002,0.09157600000000002,0.8026864399999998,0.33675278400000014,2.1203935999999994,0.27814480000000014,0.6390714319999998,0.7626375999999998,0.6835164960000002,0.09157600000000002,3.26618,996.115656,1000.9500000000002,30.593217600000003,30.50623919999999,598.651384,100.00556800000001,7509.130000000002,15.471879199999997,571.5819999999999,15.373191200000008,570.7200000000003,5.0,39.35115952,52.20292501600001,57.669108512,10.63565424,65.39658732000001,38.115022319999994,37.669600087999996,37.79194538400001,1051.99176,2536.80048,2852.285359999999,360.1553360000001,3375.1838399999997,2.7509739199999994,0.0,121.14436799999999
2015-11-27 15:47:00,2015-11-27 22:41:00,86.63132530120482,86.63132530120482,86.63132530120482,86.63132530120482,86.63132530120482,86.63132530120482,86.63132530120482,86.63132530120482,86.61204819277108,86.61204819277108,86.61204819277108,86.61204819277108,86.61204819277108,86.61204819277108,86.61204819277108,86.61204819277108,86.61204819277108,86.61204819277108,86.61204819277108,86.61204819277108,82.5277108433735,82.50843373493976,98.6867469879518,98.6867469879518,10.309099999999999,603.9531204819277,3.0097700000000005,603.8385542168675,0.2127923493975903,0.27457888915662665,0.091576,0.7513573253012048,0.3469560578313254,2.157276626506024,0.2770797349397592,0.6106475807228916,0.7631259999999999,0.682804534939759,0.091576,3.2638262650602408,997.3448963855421,1000.5519927710843,30.554098795180717,30.55400915662651,603.3561325301205,100.0051156626506,7509.13,15.58561951807229,571.5820000000001,15.482033975903617,570.7200000000001,5.0,32.99822231325301,3.7558295330120477,10.086425115662651,0.7620222674698797,30.834032118072294,27.998960665060242,36.59922806024097,13.29052355180723,1071.4246024096385,2590.1943855421687,2845.426626506024,358.3227253012048,3379.275493975904,2.7568426746987957,0.0,122.65634216867464
2015-11-28 05:58:00,2015-11-28 06:32:00,80.0,80.0,80.0,80.0,80.0,80.0,80.0,80.0,80.0,80.0,80.0,80.0,80.0,80.0,80.0,80.0,80.0,80.0,80.0,80.0,100.0,100.0,80.11428571428571,80.11428571428571,9.038459999999999,597.7829428571429,2.3412699999999997,599.9416571428573,0.2101864285714286,0.27472599999999997,0.09157599999999999,0.5799759999999999,0.34275302857142853,2.2387957142857142,0.2537942285714285,0.6392807428571428,0.763126,0.6497466857142857,0.09157599999999999,3.2225728571428567,919.3162285714287,920.8323428571429,29.24819714285714,29.645417142857145,597.5308285714286,100.00437142857142,7509.13,15.311100000000001,571.5819999999999,15.194348571428574,570.7200000000001,5.0,43.51125671428572,48.56012042857142,0.0,0.506716,32.0626288,25.141284000000002,7.297219942857143,29.398225142857143,1010.5289714285715,2388.0174285714284,2826.5262857142857,359.91671428571436,3258.2594285714285,3.042583142857143,0.0,119.33499999999998
2015-11-28 06:53:00,2015-11-28 07:47:00,80.0,80.0,80.0,80.0,80.0,80.0,80.0,80.0,80.0,80.0,80.0,80.0,80.0,80.0,80.0,80.0,80.0,80.0,80.0,80.0,100.0,100.0,77.0,77.0,10.0389,604.847509090909,2.3412699999999993,606.8021636363635,0.21367500000000006,0.2747259999999999,0.09157599999999999,0.5799759999999999,0.3391059454545453,2.22833,0.2636258181818182,0.6410249999999998,0.7631259999999999,0.6943058727272725,0.09157599999999999,3.2628499999999985,982.3102363636362,980.6339090909092,30.673761818181823,30.67270909090909,598.6399454545455,100.00569090909089,7509.13,15.297081818181814,571.5819999999998,15.184469090909092,570.7200000000003,5.0,69.03596181818182,93.04750727272726,19.447779000000004,13.457099636363637,88.30782363636361,47.035750909090915,46.04895272727273,69.13919272727274,1085.045818181818,2470.7054545454544,2843.2392727272722,373.3846363636364,3435.840363636364,2.8254645454545457,0.0,119.33500000000001
2015-11-28 08:03:00,2015-11-28 08:42:00,80.0,80.0,80.0,80.0,80.0,80.0,80.0,80.0,80.0,80.0,80.0,80.0,80.0,80.0,80.0,80.0,80.0,80.0,80.0,80.0,100.0,100.0,70.9,71.0,9.75733,599.733425,2.85256,601.85675,0.213675,0.274726,0.091576,0.5860809,0.3479858,2.22833,0.2701471750000001,0.63797255,1.1752175,0.7051285,0.091576,3.2448124999999997,934.9478500000001,929.7284749999999,30.731065,30.097025000000002,598.199975,100.005675,7509.13,15.2809025,571.582,15.182600000000003,570.72,5.0,97.7182675,99.5070475,18.20284075,36.211843,77.0375575,44.368129999999994,38.6416375,84.5528475,992.8186750000001,2336.1797500000002,2868.8295,344.75729999999993,3241.0305,2.83589775,0.0,118.97082499999999
2015-11-28 09:51:00,2015-11-28 10:35:00,80.0,80.0,80.0,80.0,80.0,80.0,80.0,80.0,80.0,80.0,80.0,80.0,80.0,80.0,80.0,80.0,80.0,80.0,80.0,80.0,100.0,100.0,81.22222222222223,81.2,9.757330000000001,596.3272888888889,2.8525599999999995,595.4368,0.21367500000000003,0.27336931111111107,0.091576,0.6016823111111109,0.36155224444444445,2.22833,0.27472599999999997,0.589472511111111,1.0208944444444448,0.7020760000000001,0.091576,3.266179999999999,908.4477555555553,908.6813333333332,28.81967777777778,28.951991111111116,594.8484666666666,100.0051333333333,7509.130000000001,15.259699999999995,571.5819999999998,15.164895555555555,570.7200000000001,5.0,0.0,0.8228190888888888,0.0,0.21367500000000003,13.209203600000004,15.44634777777778,1.592049844444444,20.114636444444443,965.0778444444444,2388.515111111111,2804.5931111111113,338.81333333333333,3153.302444444444,3.112463777777777,0.0,122.42699999999996
2015-11-28 17:17:00,2015-11-28 18:11:00,80.0,80.0,80.0,80.0,80.0,80.0,80.0,80.0,80.0,80.0,80.0,80.0,80.0,80.0,80.0,80.0,80.0,80.0,80.0,80.0,100.0,100.0,100.0,100.0,9.745879999999996,602.6709636363636,2.5572300000000006,602.0585272727272,0.21367500000000006,0.27361598181818175,0.09157599999999999,0.5799759999999999,0.3857251818181818,2.22833,0.28693599999999997,0.6143854363636363,1.0073300000000003,0.6987459454545452,0.09157599999999999,3.2661799999999985,935.9173818181819,936.2235454545452,30.224218181818184,30.28249090909091,603.366709090909,100.00405454545455,7509.13,15.544278181818184,571.5819999999998,15.44100181818182,570.7200000000003,5.0,0.0,4.14419,0.42901539999999977,0.33799594545454553,2.3604177272727274,24.80796763636363,5.371845472727273,3.196247727272727,1010.4557090909092,2445.4009090909094,2812.8198181818198,354.2833090909091,3414.34490909091,3.2168416363636356,0.0,125.87749090909095
2015-11-30 06:44:00,2015-11-30 07:53:00,88.0,88.0,88.0,88.0,88.0,88.0,88.0,88.0,88.0,88.0,88.0,88.0,88.0,88.0,88.0,88.0,88.0,88.0,88.0,88.0,85.71428571428571,85.71428571428571,82.28571428571429,82.28571428571429,9.681780000000002,604.9883857142858,2.8159300000000007,606.7375428571428,0.21367500000000006,0.27472600000000014,0.09157599999999999,0.09157599999999999,0.33752025714285705,2.106230000000001,0.3139724285714286,0.5808481285714289,0.7517881428571427,0.7910346428571428,0.09157599999999999,3.2661799999999985,964.8592142857143,967.9799571428573,30.326351428571435,30.85707714285714,602.0182714285714,100.00528571428572,7509.13,15.137808571428575,571.5820000000002,15.049961428571429,570.7200000000003,5.0,0.8891500000000001,16.929175385714284,2.5641028171428575,3.7358271171428554,30.060175971428563,35.27124285714286,13.85661815714286,69.82645428571428,1070.776142857143,2500.2354285714287,2852.732,349.5038857142858,3658.0565714285713,3.265293142857143,0.0,117.94200000000001
